Command,Output
show run
"Building configuration...

Current configuration : 1628 bytes
!
upgrade fpd auto
version 15.3
service timestamps debug datetime msec
service timestamps log datetime msec
no service password-encryption
!
hostname Router2
!
boot-start-marker
boot-end-marker
!
aqm-register-fnf
!
!
no aaa new-model
no ip icmp rate-limit unreachable
!
!
!
!
!
!
no ip domain lookup
ip domain name abc.com
ip cef
no ipv6 cef
!
multilink bundle-name authenticated
!
!
!
!
!
!
!
!
!
username cisco privilege 15 password 0 123456789
!
redundancy
!
!
ip tcp synwait-time 5
ip ssh version 2
! 
!
!
!
!
!
!
!
!
!
interface FastEthernet0/0
 ip address dhcp
 duplex half
!
interface Ethernet1/0
 no ip address
 shutdown
 duplex half
!
interface Ethernet1/1
 no ip address
 shutdown
 duplex half
!
interface Ethernet1/2
 no ip address
 shutdown
 duplex half
!
interface Ethernet1/3
 no ip address
 shutdown
 duplex half
!
interface Ethernet1/4
 no ip address
 shutdown
 duplex half
!
interface Ethernet1/5
 no ip address
 shutdown
 duplex half
!
interface Ethernet1/6
 no ip address
 shutdown
 duplex half
!
interface Ethernet1/7
 no ip address
 shutdown
 duplex half
!
ip forward-protocol nd
no ip http server
no ip http secure-server
!
!
!
no cdp log mismatch duplex
!
!
!
control-plane
!
!
mgcp behavior rsip-range tgcp-only
mgcp behavior comedia-role none
mgcp behavior comedia-check-media-src disable
mgcp behavior comedia-sdp-force disable
!
mgcp profile default
!
!
!
gatekeeper
 shutdown
!
!
line con 0
 exec-timeout 0 0
 privilege level 15
 logging synchronous
 stopbits 1
line aux 0
 exec-timeout 0 0
 privilege level 15
 logging synchronous
 stopbits 1
line vty 0 4
 login local
 transport input all
!
!
end
"
show version
"Cisco IOS Software, 7200 Software (C7200-ADVENTERPRISEK9-M), Version 15.3(3)XB12, RELEASE SOFTWARE (fc2)
Technical Support: http://www.cisco.com/techsupport
Copyright (c) 1986-2013 by Cisco Systems, Inc.
Compiled Tue 19-Nov-13 04:39 by prod_rel_team

ROM: ROMMON Emulation Microcode
BOOTLDR: 7200 Software (C7200-ADVENTERPRISEK9-M), Version 15.3(3)XB12, RELEASE SOFTWARE (fc2)

Router2 uptime is 17 minutes
System returned to ROM by unknown reload cause - suspect boot_data[BOOT_COUNT] 0x0, BOOT_COUNT 0, BOOTDATA 19
System image file is ""tftp://255.255.255.255/unknown""
Last reload reason: unknown reload cause - suspect boot_data[BOOT_COUNT] 0x0, BOOT_COUNT 0, BOOTDATA 19



This product contains cryptographic features and is subject to United
States and local country laws governing import, export, transfer and
use. Delivery of Cisco cryptographic products does not imply
third-party authority to import, export, distribute or use encryption.
Importers, exporters, distributors and users are responsible for
compliance with U.S. and local country laws. By using this product you
agree to comply with applicable laws and regulations. If you are unable
to comply with U.S. and local laws, return this product immediately.

A summary of U.S. laws governing Cisco cryptographic products may be found at:
http://www.cisco.com/wwl/export/crypto/tool/stqrg.html

If you require further assistance please contact us by sending email to
export@cisco.com.

Cisco 7206VXR (NPE400) processor (revision A) with 491520K/32768K bytes of memory.
Processor board ID 4279256517
R7000 CPU at 150MHz, Implementation 39, Rev 2.1, 256KB L2 Cache
6 slot VXR midplane, Version 2.1

Last reset from power-on

PCI bus mb0_mb1 (Slots 0, 1, 3 and 5) has a capacity of 600 bandwidth points.
Current configuration on bus mb0_mb1 has a total of 280 bandwidth points. 
This configuration is within the PCI bus capacity and is supported. 

PCI bus mb2 (Slots 2, 4, 6) has a capacity of 600 bandwidth points.
Current configuration on bus mb2 has a total of 0 bandwidth points 
This configuration is within the PCI bus capacity and is supported. 

Please refer to the following document ""Cisco 7200 Series Port Adaptor
Hardware Configuration Guidelines"" on Cisco.com <http://www.cisco.com>
for c7200 bandwidth points oversubscription and usage guidelines.


8 Ethernet interfaces
1 FastEthernet interface
509K bytes of NVRAM.

8192K bytes of Flash internal SIMM (Sector size 256K).


Configuration register is 0x2102
"
show ip interface brief
"Interface                  IP-Address      OK? Method Status                Protocol
FastEthernet0/0            192.168.1.10    YES DHCP   up                    up      
Ethernet1/0                unassigned      YES NVRAM  administratively down down    
Ethernet1/1                unassigned      YES NVRAM  administratively down down    
Ethernet1/2                unassigned      YES NVRAM  administratively down down    
Ethernet1/3                unassigned      YES NVRAM  administratively down down    
Ethernet1/4                unassigned      YES NVRAM  administratively down down    
Ethernet1/5                unassigned      YES NVRAM  administratively down down    
Ethernet1/6                unassigned      YES NVRAM  administratively down down    
Ethernet1/7                unassigned      YES NVRAM  administratively down down    "
